Workbook

Sheet README
A1: FRED Graph Observations
A2: Federal Reserve Economic Data, Federal Reserve Bank of St. Louis
A3: Link: https://fred.stlouisfed.org
A4: Help: https://fredhelp.stlouisfed.org
A5: This data may be copyrighted. Please refer to the Terms of Use: https://fred.stlouisfed.org/legal#fred-terms-faq
A6: File Created: 2025-01-08 1:20 pm CST
A8: BAA | B8: Moody's Seasoned Baa Corporate Bond Yield, Percent, Annual, Not Seasonally Adjusted | C8: Data Updated: 2025-01-02

Sheet Annual
A1: observation_date | B1: BAA
A2: 1953-01-01 | B2: 3.73
A3: 1954-01-01 | B3: 3.51
A4: 1955-01-01 | B4: 3.53
A5: 1956-01-01 | B5: 3.88
A6: 1957-01-01 | B6: 4.71
A7: 1958-01-01 | B7: 4.73
A8: 1959-01-01 | B8: 5.05
A9: 1960-01-01 | B9: 5.19
A10: 1961-01-01 | B10: 5.08
A11: 1962-01-01 | B11: 5.02
A12: 1963-01-01 | B12: 4.86
A13: 1964-01-01 | B13: 4.83
... A73: 2024-01-01 | B73: 5.75

Sheet Sheet1
A1: year | B1: r
A2: =YEAR(Annual!A2) -> 1953 | B2: =Annual!B2/100 -> 0.0373
A3: =YEAR(Annual!A3) -> 1954 | B3: =Annual!B3/100 -> 0.0351
A4: =YEAR(Annual!A4) -> 1955 | B4: =Annual!B4/100 -> 0.0353
A5: =YEAR(Annual!A5) -> 1956 | B5: =Annual!B5/100 -> 0.0388
A6: =YEAR(Annual!A6) -> 1957 | B6: =Annual!B6/100 -> 0.0471
A7: =YEAR(Annual!A7) -> 1958 | B7: =Annual!B7/100 -> 0.0473
A8: =YEAR(Annual!A8) -> 1959 | B8: =Annual!B8/100 -> 0.0505
A9: =YEAR(Annual!A9) -> 1960 | B9: =Annual!B9/100 -> 0.0519
A10: =YEAR(Annual!A10) -> 1961 | B10: =Annual!B10/100 -> 0.0508
A11: =YEAR(Annual!A11) -> 1962 | B11: =Annual!B11/100 -> 0.0502
A12: =YEAR(Annual!A12) -> 1963 | B12: =Annual!B12/100 -> 0.0486
A13: =YEAR(Annual!A13) -> 1964 | B13: =Annual!B13/100 -> 0.0483
... A73: =YEAR(Annual!A73) -> 2024 | B73: =Annual!B73/100 -> 0.0575
